Column_Name,Core_Name,Definition,Molecular_Formula,CAS_Number,Instrument,Specificity,Category,Unit,A,n,B,kOH_source,kOH_source_link,GC_id,GC_rate_law,EF,OHR_Class,notes
H2O2-1Hz_CIT_WENNBERG,H2O2,Hydrogen peroxide,H2O2,7722-84-1,1Hz_CIT_WENNBERG,S,"Oxygen Species, Hydrogen Species and Radicals",ppt,2.90E-12,0.0,1.33,NIST,https://kinetics.nist.gov/kinetics/Detail?id=2004ATK/BAU1461-1738:56,H2O2,1.80E-12,,H2O2,
O3_CL_RYERSON,O3,Ozone,O3,10028-15-6,CL_RYERSON,S,"Oxygen Species, Hydrogen Species and Radicals",ppb,1.70E-12,0.0,7.82,NIST,https://kinetics.nist.gov/kinetics/Detail?id=2004ATK/BAU1461-1738:59,O3,,,O3,
H2O_DLH_DISKIN,H2O,Water,H2O,7732-18-5,DISKIN,S,"Oxygen Species, Hydrogen Species and Radicals",ppm,,,,,,,,,,
HCOOH_NOAACIMS_VERES,HCOOH,Formic acid,CH2O2,64-18-6,NOAACIMS_VERES,S,"Oxygen Species, Hydrogen Species and Radicals",ppt,4.00E-13,0.0,0.0,NIST,https://kinetics.nist.gov/kinetics/Detail?id=1997DEM/SAN1-266:79,HCOOH,4.00E-13,0.906264126,acid,
NO_LIF_ROLLINS,NO,Nitric oxide,NO,10102-43-9,LIF_ROLLINS,S,Nitrogen Species,ppt,3.31E-11,-0.3,0.0,NIST,https://kinetics.nist.gov/kinetics/Detail?id=2004ATK/BAU1461-1738:96,NO,"GCJPLPR_abab(7.00e-31, 2.6, 3.60e-11, 0.1, 0.6, TEMP)",,NOx,
NO2_CL_RYERSON,NO2,Nitrogen dioxide,NO2,10102-44-0,CL_RYERSON,S,Nitrogen Species,ppb,2.70E-11,0.0,0.0,NIST,https://kinetics.nist.gov/kinetics/Detail?id=2012TRO6387-6393:6,NO2,"GCJPLPR_aba(1.80e-30, 3.0, 2.8e-11, 0.6, TEMP)",,NOx,
HNO3-1Hz_CIT_WENNBERG,HNO3,Nitric acid,HNO3,7697-37-2 ,1Hz_CIT_WENNBERG,S,Nitrogen Species,ppt,1.50E-13,0.0,0.0,NIST,https://kinetics.nist.gov/kinetics/Detail?id=2004ATK/BAU1461-1738:91,HNO3,"GC_OHHNO3_acacac(2.41e-14, 460.0, 2.69e-17, 2199.0, 6.51e-34, 1335.0, TEMP)",,NOy,
HNO2_NOAACIMS_VERES,HNO2,Nitrous acid,HNO2,7782-77-6,NOAACIMS_VERES,S,Nitrogen Species,ppt,1.79E-11,0.0,3.24,NIST,https://kinetics.nist.gov/kinetics/Detail?id=1994DEM/SAN:326,HNO2,"GCARR_ac(1.80e-11, -390.0, TEMP)",,NOy,
HCN_NOAACIMS_VERES,HCN,Hydrogen cyanide,HCN,74-90-8,NOAACIMS_VERES,S,Nitrogen Species,ppt,,,,,,,,,,
CH3CN_PTR_WARNEKE&WISTHALER,CH3CN,Acetonitrile,C2H3N,75-05-8,PTR_WARNEKE&WISTHALER,S,Nitrogen Species,ppb,,,,,,,,0.222887987,,
Acrylonitrile_PTR_WARNEKE&WISTHALER,Acrylonitrile,Acrylonitrile,C3H3N,107-13-1,PTR_WARNEKE&WISTHALER,S,Nitrogen Species,ppb,,,,,,,,,,
ClNO2_NOAACIMS_VERES,ClNO2,Nitryl chloride,ClNO2,13444-90-1,NOAACIMS_VERES,S,Nitrogen Species,ppt,2.40E-12,0.0,10.39,NIST,https://kinetics.nist.gov/kinetics/Detail?id=2001ATK/BAU1-56:466,ClNO2,"GCARR_ac(2.40e-12, -1250.0, TEMP)",,NOy,
MeONO2_WAS_BLAKE,MeONO2,Methyl nitrate,CH3NO3,598-58-3,WAS_BLAKE,S,Nitrogen Species,ppt,4.00E-13,0.0,7.03,NIST,https://kinetics.nist.gov/kinetics/Detail?id=2001ATK/BAU1-56:83,MENO3,"GCARR_ac(8.00e-13, -1000.0, TEMP)",,NOy,chose WAS with less coverage b/c TOGA in arbppt
EthONO2_WAS_BLAKE,EthONO2,Ethyl nitrate,C2H5NO3,625-58-1,WAS_BLAKE,S,Nitrogen Species,ppt,6.70E-13,0.0,3.28,NIST,https://kinetics.nist.gov/kinetics/Detail?id=2001ATK/BAU1-56:84,ETNO3,"GCARR_ac(1.00e-12, -490.0, TEMP)",,NOy,chose WAS with less coverage b/c TOGA in arbppt
nPropONO2_WAS_BLAKE,nPropONO2,n-Propyl nitrate,C3H7NO3,627-13-4,WAS_BLAKE,S,Nitrogen Species,ppt,6.20E-13,0.0,1.91,NIST,https://kinetics.nist.gov/kinetics/Detail?id=2001ATK/BAU1-56:85,NPRNO3,7.10E-13,,NOy,
iPropONO2_WAS_BLAKE,iPropONO2,Isopropyl nitrate,C3H7NO3,1712-64-7,WAS_BLAKE,S,Nitrogen Species,ppt,6.60E-13,0.0,1.94,NIST,https://kinetics.nist.gov/kinetics/Detail?id=2015ROM/MOR42-49:1,IPRNO3,"GCARR_ac(1.20e-12, -320.0, TEMP)",,NOy,WAS better coverage than TOGA
x2ButONO2_WAS_BLAKE,x2ButONO2,2-Butyl nitrate,C4H9NO3,924-52-7,WAS_BLAKE,S,Nitrogen Species,ppt,1.00E-13,3.36,-6.97,NIST,https://kinetics.nist.gov/kinetics/Detail?id=2017BED/MOR29-34:1,R4N2,1.60E-12,,NOy,
x2PentONO2_WAS_BLAKE,x2PentONO2,2-Pentyl nitrate,C5H11NO3,21981-48-6,WAS_BLAKE,S,Nitrogen Species,ppt,1.26E-12,4.56,-0.37,NIST,https://kinetics.nist.gov/kinetics/Detail?id=2017BED/MOR29-34:3,R4N2,1.60E-12,,NOy,
x3PentONO2_WAS_BLAKE,x3PentONO2,3-Pentyl nitrate,C5H11NO3,,WAS_BLAKE,S,Nitrogen Species,ppt,1.26E-12,4.56,-0.37,NIST,https://kinetics.nist.gov/kinetics/Detail?id=2017BED/MOR29-34:4,R4N2,1.60E-12,,NOy,
x3Me2ButONO2_WAS_BLAKE,x3Me2ButONO2,3-Methyl-2-butyl nitrate,C5H11NO3,,WAS_BLAKE,S,Nitrogen Species,ppt,1.26E-12,4.56,-0.37,NIST,https://kinetics.nist.gov/kinetics/Detail?id=2017BED/MOR29-34:5,R4N2,1.60E-12,,NOy,
PAN_GTCIMS_HUEY,PAN,Peroxyacetyl nitrate,C2H3NO5,2278-22-0,GTCIMS_HUEY,S,Nitrogen Species,ppt,,,,,,,,,,
APAN_GTCIMS_HUEY,APAN,Peroxyacryloyl nitrate,C3H3NO5,,GTCIMS_HUEY,S,Nitrogen Species,ppt,,,,,,,,,,
PPN_GTCIMS_HUEY,PPN,Peroxylpropionyl nitrate,C3H5NO5,5796-89-4,GTCIMS_HUEY,S,Nitrogen Species,ppt,,,,,,,,,,
PBN_GTCIMS_HUEY,PBN,Peroxybutyryl nitrate,C4H7NO5,,GTCIMS_HUEY,S,Nitrogen Species,ppt,,,,,,,,,,
NOy_CL_RYERSON,NOy,Total Reactive Nitrogen,,,CL_RYERSON,M,Nitrogen Species,ppb,,,,,,,,,,
ISOPN-1Hz_CIT_WENNBERG,ISOPN,Sum of Isoprene Hydroxy Nitrate Isomers,C5H9NO4,,1Hz_CIT_WENNBERG,M,Nitrogen Species,ppt,3.00E-12,0.0,0.0,GC,,ITHN,3.00E-12,,NOy,
DMS_PTR_WARNEKE&WISTHALER,DMS,Dimethyl sulfide,C2H6S,75-18-3,PTR_WARNEKE&WISTHALER,S,Sulfur Species,ppb,1.13E-11,0.0,0.0,NIST,https://kinetics.nist.gov/kinetics/Detail?id=2004ATK/BAU1461-1738:202,DMS,"GCARR_ac(1.20e-11, -280.0, TEMP)",,other,hard to say what measurement is best; PTR with significantly more coverage but a lot of negative values
OCS_WAS_BLAKE,OCS,Carbonyl sulfide,OCS,463-58-1,WAS_BLAKE,S,Sulfur Species,ppt,1.10E-13,0.0,9.98,NIST,https://kinetics.nist.gov/kinetics/Detail?id=2004ATK/BAU1461-1738:186,OCS,"GCARR_ac(1.10e-13, -1200.0, TEMP)",,other,
SO2_LIF_ROLLINS,SO2,Sulfur dioxide,SO2,7446-09-05 ,LIF_ROLLINS,S,Sulfur Species,ppt,1.31E-12,-0.7,0.0,NIST,https://kinetics.nist.gov/kinetics/Detail?id=2004ATK/BAU1461-1738:181,SO2,"GCJPLPR_aba(3.30e-31, 4.3, 1.6e-12, 0.6, TEMP)",,other,
Cl2_NOAACIMS_VERES,Cl2,Chlorine,Cl2,7782-50-5,NOAACIMS_VERES,S,Halogens and Halogenates,ppt,3.60E-12,0.0,9.98,NIST,https://kinetics.nist.gov/kinetics/Detail?id=2007ATK/BAU981-1191:174,Cl2,"GCARR_ac(2.60e-12, -1100.0, TEMP)",,other,
BrO_NOAACIMS_VERES,BrO,Bromine monoxide,BrO,15656-19-6,NOAACIMS_VERES,S,Halogens and Halogenates,ppt,1.80E-11,0.0,-2.08,NIST,https://kinetics.nist.gov/kinetics/Detail?id=2007ATK/BAU981-1191:208,BrO,"GCARR_ac(1.70e-11, 250.0, TEMP)",,other,
CH3Cl_WAS_BLAKE,CH3Cl,Chloromethane,CH3Cl,74-87-3,WAS_BLAKE,S,Halogens and Halogenates,ppt,3.80E-12,0.0,11.14,NIST,https://kinetics.nist.gov/kinetics/Detail?id=2001ATK/BAU1-56:468,CH3Cl,"GCARR_ac(1.96e-12, -1200.0, TEMP)",,other,
CH2Cl2_TOGA_APEL,CH2Cl2,Dichloromethane,CH2Cl2,75-09-2,TOGA_APEL,S,Halogens and Halogenates,ppt,2.70E-12,0.0,7.65,NIST,https://kinetics.nist.gov/kinetics/Detail?id=2001ATK/BAU1-56:470,CH2Cl2,"GCARR_ac(2.61e-12, -944.0, TEMP)",,other,"TOGA agrees with WAS, more coverage"
CHCl3_WAS_BLAKE,CHCl3,Chloroform,CHCl3,67-66-3,WAS_BLAKE,S,Halogens and Halogenates,ppt,9.30E-13,0.0,5.49,NIST,https://kinetics.nist.gov/kinetics/Detail?id=2001ATK/BAU1-56:474,CHCl3,"GCARR_ac(4.69e-12, -1134.0, TEMP)",,other,WAS looks better
CH2ClCH2Cl_WAS_BLAKE,CH2ClCH2Cl,"1,2-Dichloroethane",C2H4Cl2,107-06-02,WAS_BLAKE,S,Halogens and Halogenates,ppt,8.92E-12,0.0,9.06,NIST,https://kinetics.nist.gov/kinetics/Detail?id=1992XIN/SHI1-10:7,,,,other,
CH3CCl3_WAS_BLAKE,CH3CCl3,"Methyl chloroform; 1,1,1- Trichloroethane",C2H3Cl3,71-55-6,WAS_BLAKE,S,Halogens and Halogenates,ppt,1.20E-12,0.0,11.97,NIST,https://kinetics.nist.gov/kinetics/Detail?id=2001ATK/BAU1-56:482,CH3CCl3,"GCARR_ac(1.64e-12, -1520.0, TEMP)",,other,
C2HCl3_WAS_BLAKE,C2HCl3,Trichloroethene,C2HCl3,79-01-6,WAS_BLAKE,S,Halogens and Halogenates,ppt,5.00E-13,0.0,-3.7,NIST,https://kinetics.nist.gov/kinetics/Detail?id=2001ATK/BAU1-56:478,,,,other,
C2Cl4_TOGA_APEL,C2Cl4,Tetrachloroethene,C2Cl4,127-18-4,TOGA_APEL,S,Halogens and Halogenates,ppt,9.40E-12,0.0,9.98,NIST,https://kinetics.nist.gov/kinetics/Detail?id=2001ATK/BAU1-56:479,,,,other,"TOGA agrees with WAS, more coverage"
CH3Br_TOGA_APEL,CH3Br,Bromomethane,CH3Br,74-83-9,TOGA_APEL,S,Halogens and Halogenates,ppt,1.70E-12,0.0,10.1,NIST,https://kinetics.nist.gov/kinetics/Detail?id=2001ATK/BAU1-56:582,CH3Br,"GCARR_ac(1.42e-12, -1150.0, TEMP)",,other,
CH2Br2_WAS_BLAKE,CH2Br2,Dibromomethane,CH2Br2,74-95-3,WAS_BLAKE,S,Halogens and Halogenates,ppt,1.50E-12,0.0,6.44,NIST,https://kinetics.nist.gov/kinetics/Detail?id=2001ATK/BAU1-56:583,CH2CBr2,"GCARR_ac(2.00e-12, -840.0, TEMP)",,other,WAS much better
CHBr3_WAS_BLAKE,CHBr3,Bromoform,CHBr3,75-25-2,WAS_BLAKE,S,Halogens and Halogenates,ppt,1.60E-12,0.0,5.9,NIST,https://kinetics.nist.gov/kinetics/Detail?id=1997DEM/SAN1-266:149,CHBr3,"GCARR_ac(9.00e-13, -360.0, TEMP)",,other,"Horrible agreement between TOGA and WAS, two tailed dist."
CH3I_TOGA_APEL,CH3I,Iodomethane,CH3I,74-88-4,TOGA_APEL,S,Halogens and Halogenates,ppt,3.10E-12,0.0,9.31,NIST,https://kinetics.nist.gov/kinetics/Detail?id=2001ATK/BAU1-56:625,CH3I,"GCARR_ac(2.90e-12, -1100.0, TEMP)",,other,"TOGA agrees with WAS, more coverage"
CHBr2Cl_WAS_BLAKE,CHBr2Cl,Dibromochloromethane,CHBr2Cl,124-48-1,WAS_BLAKE,S,Halogens and Halogenates,ppt,9.00E-13,0.0,3.52,NIST,https://kinetics.nist.gov/kinetics/Detail?id=2013ORK/KHA3809-3818:5,,,,other,
CHBrCl2_WAS_BLAKE,CHBrCl2,Bromodichloromethane,CHBrCl2,75-27-4,WAS_BLAKE,S,Halogens and Halogenates,ppt,9.40E-13,0.0,4.27,NIST,https://kinetics.nist.gov/kinetics/Detail?id=2013ORK/KHA3809-3818:4,,,,other,
CH4_DACOM_DISKIN,CH4,Methane,CH4,74-82-8,DACOM_DISKIN,S,"Hydrocarbons: Alkanes, Alkenes, and Alkynes",ppb,4.16E-13,2.18,10.24,NIST,https://kinetics.nist.gov/kinetics/Detail?id=2005SRI/SU1857-1863:2,CH4,"GCARR_ac(2.45e-12, -1775.0, TEMP)",,CH4,
C2H6_CAMS_pptv_FRIED,Ethane,Ethane,C2H6,74-84-0,CAMS_pptv_FRIED,S,"Hydrocarbons: Alkanes, Alkenes, and Alkynes",ppt,8.53E-13,2.22,3.1,NIST,https://kinetics.nist.gov/kinetics/Detail?id=2004KRA/MIC5643-5648:3,C2H6,"GCARR_ac(7.66e-12, -1020.0, TEMP)",,alkane,
Ethene_WAS_BLAKE,Ethene,Ethene,C2H4,74-85-1,WAS_BLAKE,S,"Hydrocarbons: Alkanes, Alkenes, and Alkynes",ppt,8.80E-12,0.0,0.0,NIST,https://kinetics.nist.gov/kinetics/Detail?id=1997DEM/SAN1-266:99,C2H4,"GCJPLPR_abab(1.10e-28, 3.5, 8.4e-12, 1.75, 0.5, TEMP)",,alkene,
Ethyne_WAS_BLAKE,Ethyne,Ethyne,C2H2,74-86-2,WAS_BLAKE,S,"Hydrocarbons: Alkanes, Alkenes, and Alkynes",ppt,7.30E-12,0.0,5.3,NIST,https://kinetics.nist.gov/kinetics/Detail?id=2007MCK/BLI4043-4055:1,C2H2,"GCJPLPR_abab(5.50e-30, 0.0, 8.3e-13, -2.0, 0.5, TEMP)",,alkyne,
Propane_WAS_BLAKE,Propane,Propane,C3H8,74-98-6,WAS_BLAKE,S,"Hydrocarbons: Alkanes, Alkenes, and Alkynes",ppt,1.47E-12,2.0,0.72,NIST,https://kinetics.nist.gov/kinetics/Detail?id=2003ATK2233-2307:7,C3H8,"GC_TBRANCH_2_acabc(7.60e-12, -585.0, 5.87, 0.64, -816.0, TEMP)",,alkane,
Propene_WAS_BLAKE,Propene,Propene,C3H6,0115-07-01,WAS_BLAKE,S,"Hydrocarbons: Alkanes, Alkenes, and Alkynes",ppt,4.85E-12,0.0,-4.19,NIST,https://kinetics.nist.gov/kinetics/Detail?id=1986ATK69:78,PRPE,"GCJPLPR_abab(4.60e-27, 4.0, 2.6e-11, 1.3, 0.5, TEMP)",,alkene,
Propyne_WAS_BLAKE,Propyne,Propyne,C3H4,74-99-7,WAS_BLAKE,S,"Hydrocarbons: Alkanes, Alkenes, and Alkynes",ppt,5.86E-12,0.0,-1.27,NIST,https://kinetics.nist.gov/kinetics/Detail?id=1986ATK69:90,,,,alkyne,
Propadiene_WAS_BLAKE,Propadiene,Propadiene,C3H4,463-49-0,WAS_BLAKE,S,"Hydrocarbons: Alkanes, Alkenes, and Alkynes",ppt,5.86E-12,0.0,-1.27,NIST,https://kinetics.nist.gov/kinetics/Detail?id=1986ATK69:90,PRPE,"GCJPLPR_abab(4.60e-27, 4.0, 2.6e-11, 1.3, 0.5, TEMP)",,alkene,
nButane_TOGA_APEL,nButane,n-Butane,C4H10,106-97-8,TOGA_APEL,S,"Hydrocarbons: Alkanes, Alkenes, and Alkynes",ppt,1.61E-12,2.0,-0.95,NIST,https://kinetics.nist.gov/kinetics/Detail?id=2003ATK2233-2307:8,ALK4,"GCARR_ac(9.10e-12, -405.0, TEMP)",,alkane,
iButane_TOGA_APEL,iButane,Isobutane,C4H10,75-28-5,TOGA_APEL,S,"Hydrocarbons: Alkanes, Alkenes, and Alkynes",ppt,3.18E-12,1.12,1.01,NIST,https://kinetics.nist.gov/kinetics/Detail?id=2006WIL/HAM3593-3604:1,ALK4,"GCARR_ac(9.10e-12, -405.0, TEMP)",,alkane,
iButene_WAS_BLAKE,iButene,Isobutene,C4H8,0115-11-7,WAS_BLAKE,S,"Hydrocarbons: Alkanes, Alkenes, and Alkynes",ppt,9.51E-12,0.0,-4.18,NIST,https://kinetics.nist.gov/kinetics/Detail?id=1986ATK69:82,PRPE,"GCJPLPR_abab(4.60e-27, 4.0, 2.6e-11, 1.3, 0.5, TEMP)",,alkene,
x1Butene_WAS_BLAKE,x1Butene,1-Butene,C4H8,106-98-9,WAS_BLAKE,S,"Hydrocarbons: Alkanes, Alkenes, and Alkynes",ppt,6.54E-12,0.0,-3.89,NIST,https://kinetics.nist.gov/kinetics/Detail?id=1986ATK69:58,PRPE,"GCJPLPR_abab(4.60e-27, 4.0, 2.6e-11, 1.3, 0.5, TEMP)",,alkene,
c2Butene_WAS_BLAKE,c2Butene,cis-2-Butene,C4H8,590-18-1,WAS_BLAKE,S,"Hydrocarbons: Alkanes, Alkenes, and Alkynes",ppt,1.09E-11,0.0,-4.06,NIST,https://kinetics.nist.gov/kinetics/Detail?id=1986ATK69:97,PRPE,"GCJPLPR_abab(4.60e-27, 4.0, 2.6e-11, 1.3, 0.5, TEMP)",,alkene,
t2Butene_WAS_BLAKE,t2Butene,trans-2-Butene,C4H8,624-64-6,WAS_BLAKE,S,"Hydrocarbons: Alkanes, Alkenes, and Alkynes",ppt,1.01E-11,0.0,-4.56,NIST,https://kinetics.nist.gov/kinetics/Detail?id=1986ATK69:101,PRPE,"GCJPLPR_abab(4.60e-27, 4.0, 2.6e-11, 1.3, 0.5, TEMP)",,alkene,
x13Butadiene_WAS_BLAKE,x13Butadiene,"1,3-Butadiene",C4H6,106-99-0,WAS_BLAKE,S,"Hydrocarbons: Alkanes, Alkenes, and Alkynes",ppt,1.58E-11,0.0,-3.63,NIST,https://kinetics.nist.gov/kinetics/Detail?id=2006LI/NGU2698-2708:1,PRPE,"GCJPLPR_abab(4.60e-27, 4.0, 2.6e-11, 1.3, 0.5, TEMP)",,alkene,
x12Butadiene_WAS_BLAKE,x12Butadiene,"1,2-Butadiene",C4H6,590-19-2,WAS_BLAKE,S,"Hydrocarbons: Alkanes, Alkenes, and Alkynes",ppt,2.69E-11,0.0,0.0,NIST,https://kinetics.nist.gov/kinetics/Detail?id=1983OHT1209:7,PRPE,"GCJPLPR_abab(4.60e-27, 4.0, 2.6e-11, 1.3, 0.5, TEMP)",,alkene,
x1Butyne_WAS_BLAKE,x1Butyne,1-Butyne,C4H6,107-00-6,WAS_BLAKE,S,"Hydrocarbons: Alkanes, Alkenes, and Alkynes",ppt,4.60E-12,0.0,-4.648,NIST,https://kinetics.nist.gov/kinetics/Detail?id=2008VIM/PAC7227-7237:5,,,,alkyne,
x2Butyne_WAS_BLAKE,x2Butyne,2-Butyne,C4H6,503-17-3,WAS_BLAKE,S,"Hydrocarbons: Alkanes, Alkenes, and Alkynes",ppt,8.92E-12,0.0,-2.295,NIST,https://kinetics.nist.gov/kinetics/Detail?id=1987BOO/HAL2073:3,,,,alkyne,
x1Buten3yne_WAS_BLAKE,x1Buten3yne,1-Buten-3-yne,C4H4,689-97-4,WAS_BLAKE,S,"Hydrocarbons: Alkanes, Alkenes, and Alkynes",ppt,6.40E-12,0.0,-4.04,NIST,https://kinetics.nist.gov/kinetics/Detail?id=2015SOM/OLZ495-505:2,,,,alkyne,
nPentane_TOGA_APEL,nPentane,n-Pentane,C5H12,109-66-0,TOGA_APEL,S,"Hydrocarbons: Alkanes, Alkenes, and Alkynes",ppt,3.00E-12,1.65,-0.67,NIST,https://kinetics.nist.gov/kinetics/Detail?id=2009SIV/MIC5047-5060:8,ALK4,"GCARR_ac(9.10e-12, -405.0, TEMP)",,alkane,
iPentane_TOGA_APEL,iPentane,Isopentane,C5H12,78-78-4,TOGA_APEL,S,"Hydrocarbons: Alkanes, Alkenes, and Alkynes",ppt,3.46E-12,1.27,-0.13,NIST,https://kinetics.nist.gov/kinetics/Detail?id=2006WIL/HAM3593-3604:2,ALK4,"GCARR_ac(9.10e-12, -405.0, TEMP)",,alkane,
x1Pentene_WAS_BLAKE,x1Pentene,1-Pentene,C5H10,109-67-1,WAS_BLAKE,S,"Hydrocarbons: Alkanes, Alkenes, and Alkynes",ppt,2.74E-11,0.0,0.0,NIST,https://kinetics.nist.gov/kinetics/Detail?id=2007MCG/PER4349-4356:1,PRPE,"GCJPLPR_abab(4.60e-27, 4.0, 2.6e-11, 1.3, 0.5, TEMP)",,alkene,
c2Pentene_NOAAiWAS_GILMAN,c2Pentene,cis-2-Pentene,C5H10,627-20-3,NOAAiWAS_GILMAN,S,"Hydrocarbons: Alkanes, Alkenes, and Alkynes",ppb,6.38E-11,0.0,0.0,NIST,https://kinetics.nist.gov/kinetics/Detail?id=1984OHT879:15,PRPE,"GCJPLPR_abab(4.60e-27, 4.0, 2.6e-11, 1.3, 0.5, TEMP)",,alkene,
t2Pentene_NOAAiWAS_GILMAN,t2Pentene,trans-2-Pentene,C5H10,0646-04-08,NOAAiWAS_GILMAN,S,"Hydrocarbons: Alkanes, Alkenes, and Alkynes",ppb,6.86E-11,0.0,0.0,NIST,https://kinetics.nist.gov/kinetics/Detail?id=1983OHT1209:16,PRPE,"GCJPLPR_abab(4.60e-27, 4.0, 2.6e-11, 1.3, 0.5, TEMP)",,alkene,
x2Me1Butene_NOAAiWAS_GILMAN,x2Me1Butene,2-Methyl-1-butene,C5H10,563-46-2,NOAAiWAS_GILMAN,S,"Hydrocarbons: Alkanes, Alkenes, and Alkynes",ppb,6.46E-11,0.0,0.0,NIST,https://kinetics.nist.gov/kinetics/Detail?id=1984OHT879:5,PRPE,"GCJPLPR_abab(4.60e-27, 4.0, 2.6e-11, 1.3, 0.5, TEMP)",,alkene,
x3Me1Butene_NOAAiWAS_GILMAN,x3Me1Butene,3-Methyl-1-butene,C5H10,563-45-1,NOAAiWAS_GILMAN,S,"Hydrocarbons: Alkanes, Alkenes, and Alkynes",ppb,5.33E-12,0.0,-4.43,NIST,https://kinetics.nist.gov/kinetics/Detail?id=1986ATK69:95,PRPE,"GCJPLPR_abab(4.60e-27, 4.0, 2.6e-11, 1.3, 0.5, TEMP)",,alkene,
CycPentane_WAS_BLAKE,CycPentane,Cyclopentane,C5H10,287-92-3,WAS_BLAKE,S,"Hydrocarbons: Alkanes, Alkenes, and Alkynes",ppt,2.67E-11,0.0,4.23,NIST,https://kinetics.nist.gov/kinetics/Detail?id=2006WIL/HAM3593-3604:11,ALK4,"GCARR_ac(9.10e-12, -405.0, TEMP)",,alkane,
CycPentene_WAS_BLAKE,CycPentene,Cyclopentene,C5H8,142-29-0,WAS_BLAKE,S,"Hydrocarbons: Alkanes, Alkenes, and Alkynes",ppt,6.90E-11,0.0,0.0,NIST,https://kinetics.nist.gov/kinetics/Detail?id=2018SHA/LID4039-4054:15,PRPE,"GCJPLPR_abab(4.60e-27, 4.0, 2.6e-11, 1.3, 0.5, TEMP)",,alkane,
Isoprene_PTR_WARNEKE&WISTHALER,Isoprene,Isoprene,C5H8,78-79-5,PTR_WARNEKE&WISTHALER,S,"Hydrocarbons: Alkanes, Alkenes, and Alkynes",ppb,1.93E-11,0.0,-3.87,NIST,https://kinetics.nist.gov/kinetics/Detail?id=2017DIL/DUL15137-15150:1,ISOP,"GC_ISO1(1.7e-11, 3.90e2, 9.33e-2, 5.05e15, -1.22e4, 1.79e14, -8.830e3, TEMP)",,isoprene,
nHexane_TOGA_APEL,nHexane,n-Hexane,C6H14,110-54-3,TOGA_APEL,S,"Hydrocarbons: Alkanes, Alkenes, and Alkynes",ppt,1.22E-12,2.22,-3.68,NIST,https://kinetics.nist.gov/kinetics/Detail?id=2009SIV/MIC5047-5060:9,ALK4,"GCARR_ac(9.10e-12, -405.0, TEMP)",,alkane,
x2MePentane_TOGA_APEL,x2MePentane,2-Methylpentane,C6H14,107-83-5,TOGA_APEL,S,"Hydrocarbons: Alkanes, Alkenes, and Alkynes",ppt,1.96E-11,0.0,3.18,NIST,https://kinetics.nist.gov/kinetics/Detail?id=2006WIL/HAM3593-3604:3,ALK4,"GCARR_ac(9.10e-12, -405.0, TEMP)",,alkane,
x3MePentane_TOGA_APEL,x3MePentane,3-Methylpentane,C6H14,96-14-0,TOGA_APEL,S,"Hydrocarbons: Alkanes, Alkenes, and Alkynes",ppt,1.77E-11,0.0,2.74,NIST,https://kinetics.nist.gov/kinetics/Detail?id=2006WIL/HAM3593-3604:4,ALK4,"GCARR_ac(9.10e-12, -405.0, TEMP)",,alkane,
x1Hexene_WAS_BLAKE,x1Hexene,1-Hexene,C6H12,592-41-6,WAS_BLAKE,S,"Hydrocarbons: Alkanes, Alkenes, and Alkynes",ppt,4.60E-11,0.0,0.0,NIST,https://kinetics.nist.gov/kinetics/Detail?id=2018SHA/LID4039-4054:21,PRPE,"GCJPLPR_abab(4.60e-27, 4.0, 2.6e-11, 1.3, 0.5, TEMP)",,alkene,
CycHexane_WAS_BLAKE,CycHexane,Cyclohexane,C6H12,110-82-7,WAS_BLAKE,S,"Hydrocarbons: Alkanes, Alkenes, and Alkynes",ppt,3.10E-11,0.0,3.92,NIST,https://kinetics.nist.gov/kinetics/Detail?id=2006WIL/HAM3593-3604:12,ALK4,"GCARR_ac(9.10e-12, -405.0, TEMP)",,alkane,
nHeptane_WAS_BLAKE,nHeptane,n-Heptane,C7H16,142-82-5,WAS_BLAKE,S,"Hydrocarbons: Alkanes, Alkenes, and Alkynes",ppt,6.03E-12,1.4,-0.27,NIST,https://kinetics.nist.gov/kinetics/Detail?id=2009SIV/MIC5047-5060:6,ALK4,"GCARR_ac(9.10e-12, -405.0, TEMP)",,alkane,
x2MeHexane_WAS_BLAKE,x2MeHexane,2-Methylhexane,C7H16,591-76-4,WAS_BLAKE,S,"Hydrocarbons: Alkanes, Alkenes, and Alkynes",ppt,6.69E-12,0.0,0.0,NIST,https://kinetics.nist.gov/kinetics/Detail?id=2009SPR/DEM5030-5038:4,ALK4,"GCARR_ac(9.10e-12, -405.0, TEMP)",,alkane,
x3MeHexane_WAS_BLAKE,x3MeHexane,3-Methylhexane,C7H16,589-34-4,WAS_BLAKE,S,"Hydrocarbons: Alkanes, Alkenes, and Alkynes",ppt,6.30E-12,0.0,0.0,NIST,https://kinetics.nist.gov/kinetics/Detail?id=2009SPR/DEM5030-5038:5,ALK4,"GCARR_ac(9.10e-12, -405.0, TEMP)",,alkane,
x1Heptene_WAS_BLAKE,x1Heptene,1-Heptene,C7H14,592-76-7,WAS_BLAKE,S,"Hydrocarbons: Alkanes, Alkenes, and Alkynes",ppt,3.60E-11,0.0,0.0,NIST,https://kinetics.nist.gov/kinetics/Detail?id=2018SHA/LID4039-4054:20,PRPE,"GCJPLPR_abab(4.60e-27, 4.0, 2.6e-11, 1.3, 0.5, TEMP)",,alkene,
MeCycHexane_WAS_BLAKE,MeCycHexane,Methylcyclohexane,C7H14,108-87-2,WAS_BLAKE,S,"Hydrocarbons: Alkanes, Alkenes, and Alkynes",ppt,1.85E-11,0.0,1.62,NIST,https://kinetics.nist.gov/kinetics/Detail?id=2018BEJ/WIN544-555:1,ALK4,"GCARR_ac(9.10e-12, -405.0, TEMP)",,alkane,
nOctane_TOGA_APEL,nOctane,n-Octane,C8H18,111-65-9,TOGA_APEL,S,"Hydrocarbons: Alkanes, Alkenes, and Alkynes",ppt,7.81E-12,0.0,0.0,NIST,https://kinetics.nist.gov/kinetics/Detail?id=2009SIV/MIC5047-5060:20,ALK4,"GCARR_ac(9.10e-12, -405.0, TEMP)",,alkane,
x224TrimePentane_TOGA_APEL,x224TrimePentane,"2,2,4-Trimethylpentane",C8H18,540-84-1,TOGA_APEL,S,"Hydrocarbons: Alkanes, Alkenes, and Alkynes",ppt,3.41E-12,0.0,0.0,NIST,https://kinetics.nist.gov/kinetics/Detail?id=2018HAN/SIE320:11,ALK4,"GCARR_ac(9.10e-12, -405.0, TEMP)",,alkane,
x234TrimePentane_WAS_BLAKE,x234TrimePentane,"2,3,4-Trimethylpentane",C8H18,565-75-3,WAS_BLAKE,S,"Hydrocarbons: Alkanes, Alkenes, and Alkynes",ppt,9.85E-12,0.0,1.03,NIST,https://kinetics.nist.gov/kinetics/Detail?id=2006WIL/HAM3593-3604:8,ALK4,"GCARR_ac(9.10e-12, -405.0, TEMP)",,alkane,
x1Octene_WAS_BLAKE,x1Octene,1-Octene,C8H16,111-66-0,WAS_BLAKE,S,"Hydrocarbons: Alkanes, Alkenes, and Alkynes",ppt,4.40E-11,0.0,0.0,NIST,https://kinetics.nist.gov/kinetics/Detail?id=2018SHA/LID4039-4054:18,PRPE,"GCJPLPR_abab(4.60e-27, 4.0, 2.6e-11, 1.3, 0.5, TEMP)",,alkene,
nNonane_WAS_BLAKE,nNonane,n-Nonane,C9H20,111-84-2,WAS_BLAKE,S,"Hydrocarbons: Alkanes, Alkenes, and Alkynes",ppt,1.11E-11,1.19,0.33,NIST,https://kinetics.nist.gov/kinetics/Detail?id=2009SIV/MIC5047-5060:22,ALK4,"GCARR_ac(9.10e-12, -405.0, TEMP)",,alkane,
x1Nonene_WAS_BLAKE,x1Nonene,1-Nonene,C9H18,124-11-8,WAS_BLAKE,S,"Hydrocarbons: Alkanes, Alkenes, and Alkynes",ppt,4.10E-11,0.0,0.0,NIST,https://kinetics.nist.gov/kinetics/Detail?id=2018SHA/LID4039-4054:19,PRPE,"GCJPLPR_abab(4.60e-27, 4.0, 2.6e-11, 1.3, 0.5, TEMP)",,alkene,
Monoterpenes_PTR_WARNEKE&WISTHALER,Monoterpenes,Sum of Monoterpenes,C10H16,,PTR_WARNEKE&WISTHALER,M,"Hydrocarbons: Alkanes, Alkenes, and Alkynes",ppb,1.83E-11,0.0,-2.74,NIST,https://kinetics.nist.gov/kinetics/Detail?id=2017DIL/DUL15137-15150:2,MTPA,"GCARR_ac(1.21e-11, 440.0, TEMP)",,terpene,
nDecane_NOAAiWAS_GILMAN,nDecane,n-Decane,C10H22,124-18-5,NOAAiWAS_GILMAN,S,"Hydrocarbons: Alkanes, Alkenes, and Alkynes",ppb,1.47E-11,1.09,0.7,NIST,https://kinetics.nist.gov/kinetics/Detail?id=2009SIV/MIC5047-5060:23,ALK4,"GCARR_ac(9.10e-12, -405.0, TEMP)",,alkane,
x1Decene_WAS_BLAKE,x1Decene,1-Decene,C10H20,872-05-9,WAS_BLAKE,S,"Hydrocarbons: Alkanes, Alkenes, and Alkynes",ppt,4.61E-11,0.0,0.0,NIST,https://kinetics.nist.gov/kinetics/Detail?id=2008ASC/ATK4159-4164:14,PRPE,"GCJPLPR_abab(4.60e-27, 4.0, 2.6e-11, 1.3, 0.5, TEMP)",,alkene,
nUndecane_WAS_BLAKE,nUndecane,n-Undecane,C11H24,1120-21-4,WAS_BLAKE,S,"Hydrocarbons: Alkanes, Alkenes, and Alkynes",ppt,1.82E-11,1.02,0.92,NIST,https://kinetics.nist.gov/kinetics/Detail?id=2009SIV/MIC5047-5060:24,ALK4,"GCARR_ac(9.10e-12, -405.0, TEMP)",,alkane,
Benzene_PTR_WARNEKE&WISTHALER,Benzene,Benzene,C6H6,71-43-2,PTR_WARNEKE&WISTHALER,S,Hydrocarbons: Aromatics and Oxygenated Aromatics,ppb,7.57E-12,0.0,4.4,NIST,https://kinetics.nist.gov/kinetics/Detail?id=1986ATK69:6,BENZ,"GCARR_abc(2.3e-12, 0.0, -193.0, TEMP)",0.41741634,aromatic,
Toluene_PTR_WARNEKE&WISTHALER,Toluene,Toluene,C7H8,108-88-3,PTR_WARNEKE&WISTHALER,S,Hydrocarbons: Aromatics and Oxygenated Aromatics,ppb,2.09E-12,0.0,-2.68,NIST,https://kinetics.nist.gov/kinetics/Detail?id=1986ATK69:67,TOLU,"GCARR_abc(1.8e-12, 0.0, 340.0, TEMP)",0.273158883,aromatic,
mpXylene_TOGA_APEL,mpXylene,Sum of m-Xylene and p-Xylene,C8H10,,TOGA_APEL,M,Hydrocarbons: Aromatics and Oxygenated Aromatics,ppt,1.66E-11,0.0,0.96,NIST,https://kinetics.nist.gov/kinetics/Detail?id=1986ATK69:63,XYLE,1.70E-11,,aromatic,
oXylene_TOGA_APEL,oXylene,o-Xylene,C8H10,95-47-6,TOGA_APEL,S,Hydrocarbons: Aromatics and Oxygenated Aromatics,ppt,1.47E-11,0.0,0.0,NIST,https://kinetics.nist.gov/kinetics/Detail?id=1986ATK69:47,XYLE,1.70E-11,,aromatic,
EthBenzene_TOGA_APEL,EthBenzene,Ethylbenzene,C8H10,100-41-4,TOGA_APEL,S,Hydrocarbons: Aromatics and Oxygenated Aromatics,ppt,7.51E-12,0.0,0.0,NIST,https://kinetics.nist.gov/kinetics/Detail?id=1986ATK69:51,,,,aromatic,
Styrene_PTR_WARNEKE&WISTHALER,Styrene,Styrene,C8H8,100-42-5,PTR_WARNEKE&WISTHALER,S,Hydrocarbons: Aromatics and Oxygenated Aromatics,ppb,1.02E-11,0.0,-4.42,NIST,https://kinetics.nist.gov/kinetics/Detail?id=2014CHO/ROU9460-9470:1,,,,aromatic,
C9Aromatics_PTR_WARNEKE&WISTHALER,C9Aromatics,Sum of C9-Aromatics,C9H12,,PTR_WARNEKE&WISTHALER,M,Hydrocarbons: Aromatics and Oxygenated Aromatics,ppb,2.73E-12,0.0,-6.07,NIST,https://kinetics.nist.gov/kinetics/Detail?id=2012BOH/ZET13933-13948:3,,,,aromatic,
PHENOL-1Hz_CIT_WENNBERG,Phenol,Phenol,C6H5OH,108-95-2,1Hz_CIT_WENNBERG,S,Hydrocarbons: Aromatics and Oxygenated Aromatics,ppt,4.70E-13,0.0,-10.14,Xu,,PHEN,"GCARR_abc(4.70e-13, 0.0, 1220.0, TEMP)",0.25166666,oxy-aromatic,
Cresols_PTR_WARNEKE&WISTHALER,Cresols,Sum of Cresol Isomers (Hydroxytoluenes),C7H8O,,PTR_WARNEKE&WISTHALER,M,Hydrocarbons: Aromatics and Oxygenated Aromatics,ppb,7.50E-11,0.0,0.0,Xu,,CSL,4.70E-11,,oxy-aromatic,
CO_DACOM_DISKIN,CO,Carbon monoxide,CO,630-08-0,DACOM_DISKIN,S,Oxygenated Inorganic and Volatile Organic Carbon Species,ppb,1.50E-13,0.0,0.0,Xu,,CO,"GC_OHCO_a(1.50e-13, TEMP)",,CO,
CO2_7000_ppm_DISKIN,CO2,Carbon dioxide,CO2,124-38-9,7000_ppm_DISKIN,S,Oxygenated Inorganic and Volatile Organic Carbon Species,ppm,,,,,,,,,,
CHOCHO_ACES_WOMACK,CHOCHO,Glyoxal,C2H2O2,107-22-2,ACES_WOMACK,S,Oxygenated Inorganic and Volatile Organic Carbon Species,ppb,1.10E-11,0.0,0.0,NIST,https://kinetics.nist.gov/kinetics/Detail?id=1992ATK/BAU1125-1568:123,GLYX,"GCARR_ac(3.10e-12, 340.0, TEMP)",0.543575382,OVOCs,
CH3COCHO_ACES_WOMACK,CH3COCHO,Methyl glyoxal,C3H4O2,78-98-8,ACES_WOMACK,S,Oxygenated Inorganic and Volatile Organic Carbon Species,ppb,1.74E-12,0.0,-4.91,NIST,https://kinetics.nist.gov/kinetics/Detail?id=2011TAL/ZHU10837-10851:1,MGLY,1.50E-11,,OVOCs,
CH3OH_PTR_WARNEKE&WISTHALER,CH3OH,Methanol,CH4O,67-56-1,PTR_WARNEKE&WISTHALER,S,Oxygenated Inorganic and Volatile Organic Carbon Species,ppb,2.88E-13,2.62,-2.85,NIST,https://kinetics.nist.gov/kinetics/Detail?id=2015ZAC/LAM377-384:1,MOH,"GCARR_ac(2.90e-12, -345.0, TEMP)",,OVOCs,
CH2O_ISAF_HANISCO,CH2O,Formaldehyde,CH2O,50-00-0,ISAF_HANISCO,S,Oxygenated Inorganic and Volatile Organic Carbon Species,ppt,1.40E-12,1.63,4.41,NIST,https://kinetics.nist.gov/kinetics/Detail?id=2005VAS/DAV98-109:1,CH2O,"GCARR_ac(5.50e-12, 125.0, TEMP)",,OVOCs,
C2H5OH_PTR_WARNEKE&WISTHALER,C2H5OH,Ethanol,C2H6O,64-17-5,PTR_WARNEKE&WISTHALER,S,Oxygenated Inorganic and Volatile Organic Carbon Species,ppb,2.03E-13,2.67,-7.02,NIST,https://kinetics.nist.gov/kinetics/Detail?id=2010SIV/SU9425-9439:7,EOH,3.35E-12,,OVOCs,
CH3CHO_PTR_WARNEKE&WISTHALER,CH3CHO,Acetaldehyde,C2H4O,75-07-0,PTR_WARNEKE&WISTHALER,S,Oxygenated Inorganic and Volatile Organic Carbon Species,ppb,2.49E-12,0.73,-4.66,NIST,https://kinetics.nist.gov/kinetics/Detail?id=1992BAU/COB411-429:70,ALD2,"GCARR_ac(4.63e-12, 350.0, TEMP)",,OVOCs,
Glycolaldehyde_PTR_WARNEKE&WISTHALER,Glycolaldehyde,Glycolaldehyde,C2H4O2,141-46-8,PTR_WARNEKE&WISTHALER,S,Oxygenated Inorganic and Volatile Organic Carbon Species,ppb,8.00E-12,0.0,0.0,NIST,https://kinetics.nist.gov/kinetics/Detail?id=2007KAR/HOL897-908:1,GLYC,"GC_GLYCOH_A_a(8.00e-12, TEMP)",,OVOCs,
MeFormate_TOGA_APEL,MeFormate,Methyl Formate,C2H4O2,107-31-3,TOGA_APEL,S,Oxygenated Inorganic and Volatile Organic Carbon Species,ppt,1.83E-13,0.0,0.0,NIST,https://kinetics.nist.gov/kinetics/Detail?id=2004SZI/DOB479-492:1,,,,OVOCs,
iPropanol_TOGA_APEL,iPropanol,Isopropanol,C3H8O,67-63-0,TOGA_APEL,S,Oxygenated Inorganic and Volatile Organic Carbon Species,ppt,2.71E-12,0.0,-1.58,NIST,https://kinetics.nist.gov/kinetics/Detail?id=1997ATK/BAU521-1011:46,ROH,"GCARR_ac(4.60e-12, 70.0, TEMP)",,OVOCs,
AcetonePropanal_PTR_WARNEKE&WISTHALER,Acetone,Acetone,C3H6O,67-64-1,PTR_WARNEKE&WISTHALER,S,Oxygenated Inorganic and Volatile Organic Carbon Species,ppb,9.84E-13,0.0,4.02,NIST,https://kinetics.nist.gov/kinetics/Detail?id=2005RAF/STE4728-4735:1,ACET,1.33e-13 + 3.82e-11*np.exp(-2000.0/298),,OVOCs,
Acrolein_PTR_WARNEKE&WISTHALER,Acrolein,Acrolein,C3H4O,107-02-08,PTR_WARNEKE&WISTHALER,S,Oxygenated Inorganic and Volatile Organic Carbon Species,ppb,6.55E-12,0.0,-2.77,NIST,https://kinetics.nist.gov/kinetics/Detail?id=2002MAG/THE2526-2537:1,,,,OVOCs,
C3H6O2_PTR_WARNEKE&WISTHALER,C3H6O2,"Sum of C3H6O2 Isomers, including Hydroxyacetone",C3H6O2,,PTR_WARNEKE&WISTHALER,M,Oxygenated Inorganic and Volatile Organic Carbon Species,ppb,isomer,,,,,,,,OVOCs,
0.35,MeAcetate ,,C3H6O2,79-20-9,,,,ppb,5.30E-13,0.0,1.06,NIST,https://kinetics.nist.gov/kinetics/Detail?id=1996ELB/LEC12364-12368:1,,,,OVOCs,35% of C3H6O2
0.14,EthFormate ,,C3H6O2,109-94-4 ,,,,ppb,5.66E-13,0.0,-1.11,NIST,https://kinetics.nist.gov/kinetics/Detail?id=1997LEC/LEB5489-5493:2,,,,OVOCs,14% of C3H6O2
0.5,Hydroxyacetone,,C3H6O2,,,,,ppb,1.41E-13,2.63,-9.23,NIST,https://kinetics.nist.gov/kinetics/Detail?id=2020BED2863-2870:2,,,,OVOCs,50% of C3H6O2
C4Carbonyls_PTR_WARNEKE&WISTHALER,C4Carbonyls,Sum of C4-Carbonyls,C4H8O,,PTR_WARNEKE&WISTHALER,M,Oxygenated Inorganic and Volatile Organic Carbon Species,ppb,isomer,,,,,,,,,
0.01,Butanal,,C4H8O,123-72-8,,,,ppb,6.00E-12,0.0,-3.41,NIST,https://kinetics.nist.gov/kinetics/Detail?id=2001ATK/BAU1-56:57,,,,OVOCs,1% of C4H8O
0.14,iButanal ,,C4H8O,78-84-2,,,,ppb,7.30E-12,0.0,-3.24,NIST,https://kinetics.nist.gov/kinetics/Detail?id=2000THE/MEL676-685:2,,,,OVOCs,14% of C4H8O
0.85,MEK,,C4H8O,78-93-3,,,,ppb,1.30E-12,0.0,0.21,NIST,https://kinetics.nist.gov/kinetics/Detail?id=2001ATK/BAU1-56:63,,,,OVOCs,85% of C4H8O
MAC_TOGA_APEL,MAC,Methacrolein,C4H6O,78-85-3,TOGA_APEL,S,Oxygenated Inorganic and Volatile Organic Carbon Species,ppt,1.96E-11,0.0,-1.11,NIST,https://kinetics.nist.gov/kinetics/Detail?id=1986ATK69:36,MACR,"GCARR_ac(4.40e-12, 380.0, TEMP)",,OVOCs,
MVK_TOGA_APEL,MVK,Methyl Vinyl Ketone,C4H6O,78-94-4,TOGA_APEL,S,Oxygenated Inorganic and Volatile Organic Carbon Species,ppt,3.29E-12,0.0,-4.27,NIST,https://kinetics.nist.gov/kinetics/Detail?id=1986ATK69:38,MVK,"GCARR_ac(2.60e-12, 610.0, TEMP)",,OVOCs,
x23Butanedione_PTR_WARNEKE&WISTHALER,x23Butanedione,"2,3-Butanedione",C4H6O2,431-03-8,PTR_WARNEKE&WISTHALER,S,Oxygenated Inorganic and Volatile Organic Carbon Species,ppb,1.12E-12,0.0,3.74,NIST,https://kinetics.nist.gov/kinetics/Detail?id=1988DAG/WAL4375:5,,,,OVOCs,
Furan_PTR_WARNEKE&WISTHALER,Furan,Furan,C4H4O,110-00-9,PTR_WARNEKE&WISTHALER,S,Oxygenated Inorganic and Volatile Organic Carbon Species,ppb,1.32E-11,0.0,-2.78,NIST,https://kinetics.nist.gov/kinetics/Detail?id=1986ATK69:71,,,0.4052794,furans,
x2Furanone_PTR_WARNEKE&WISTHALER,x2Furanone,"2-Furanone, including 2(5H)Furanone and 2(3H)Furanone",C4H4O2,,PTR_WARNEKE&WISTHALER,M,Oxygenated Inorganic and Volatile Organic Carbon Species,ppb,4.10E-12,0.0,0.0,Xu,,,,,furans,
MaleicAnhyd_PTR_WARNEKE&WISTHALER,MaleicAnhyd,Maleic anhydride,C4H2O3,108-31-6,PTR_WARNEKE&WISTHALER,S,Oxygenated Inorganic and Volatile Organic Carbon Species,ppb,1.45E-12,0.0,0.0,Xu,,,,,furans,
x2MeFuranx3MeFuran_PTR_WARNEKE&WISTHALER,x2MeFuranAnd3MeFuran ,Sum of 2-methylfuran 3-methylfuran and fragments ,C5H6O,,PTR_WARNEKE&WISTHALER,M,Oxygenated Inorganic and Volatile Organic Carbon Species,ppb,isomer,,,,,,,,furans,
0.85,x2MeFuran,2-Methylfuran,C5H6O,534-22-5,,,,ppb,7.31E-11,0.0,0.0,NIST,https://kinetics.nist.gov/kinetics/Detail?id=2011ASC/NIS1859-1865:7,,,,furans,85% of C5H6O
0.15,x3MeFuran,3-Methylfuran,C5H6O,930-27-8,,,,ppb,3.20E-11,0.0,-2.58,NIST,https://kinetics.nist.gov/kinetics/Detail?id=2013LIL/STE787-794:1,,,,furans,15% of C5H6O
Furfural_PTR_WARNEKE&WISTHALER,Furfural,Furfural,C5H4O2,98-01-1,PTR_WARNEKE&WISTHALER,S,Oxygenated Inorganic and Volatile Organic Carbon Species,ppb,3.50E-11,0.0,0.0,NIST,https://kinetics.nist.gov/kinetics/Detail?id=1995BIE/BAR2651-2660:1,,,0.522425729,furans,
DimeFurans_PTR_WARNEKE&WISTHALER,DimeFurans,Sum of Dimethylfurans,C6H8O,,PTR_WARNEKE&WISTHALER,M,Oxygenated Inorganic and Volatile Organic Carbon Species,ppb,1.25E-10,0.0,0.0,NIST,https://kinetics.nist.gov/kinetics/Detail?id=2011ASC/NIS1859-1865:10,,,,furans,
C7H8O_PTR_WARNEKE&WISTHALER,C7H8O,Sum of C7H8O Isomers,C7H8O,,PTR_WARNEKE&WISTHALER,M,Oxygenated Inorganic and Volatile Organic Carbon Species,ppb,isomer,,,,,,,,,
0.5,Anisole ,Anisole ,C7H8O,,,,,ppb,2.86E-11,0.0,0.0,NIST,https://kinetics.nist.gov/kinetics/Detail?id=2018GIB/BAR38-43:1,,,,OVOCs,50% of C7H8O
0.5,x2Methylphenol,x2Methylphenol,C7H8O,,,,,ppb,4.00E-11,0.0,0.0,NIST,https://kinetics.nist.gov/kinetics/Detail?id=1986ATK69:49,,,,oxy-aromatic,50% of C7H8O
Guaiacol_PTR_WARNEKE&WISTHALER,Guaiacol,Guaiacol,C7H8O2,90-05-1,PTR_WARNEKE&WISTHALER,S,Oxygenated Inorganic and Volatile Organic Carbon Species,ppb,5.40E-11,0.0,0.0,NIST,https://kinetics.nist.gov/kinetics/Detail?id=2015LAU/BEJ6179-6187:31,,,,oxy-aromatic,
BenzFuran_PTR_WARNEKE&WISTHALER,BenzFuran,Benzofuran,C8H6O,271-89-6,PTR_WARNEKE&WISTHALER,S,Oxygenated Inorganic and Volatile Organic Carbon Species,ppb,3.72E-11,0.0,0.0,NIST,https://kinetics.nist.gov/kinetics/Detail?id=1992ATK/ARE345-358:1,,,0.093551049,furans,
Syringol_PTR_WARNEKE&WISTHALER,Syringol,Syringol,C8H10O3,91-10-1,PTR_WARNEKE&WISTHALER,S,Oxygenated Inorganic and Volatile Organic Carbon Species,ppb,8.52E-11,0.0,0.0,NIST,https://kinetics.nist.gov/kinetics/Detail?id=2015LAU/BEJ6179-6187:27,,,,oxy-aromatic,
jNO2_NO_O3P_CAFS_HALL,jNO2,,,,,,,/s,,,,,,,,,,
jO3_O2_O1D_CAFS_HALL,jO3,,,,,,,/s,,,,,,,,,,
Latitude_YANG,lat,,,,,,,deg,,,,,,,,,,
Longitude_YANG,long,,,,,,,deg,,,,,,,,,,
MSL_GPS_Altitude_YANG,altitude,,,,,,,m,,,,,,,,,,
Static_Air_Temp_YANG,temp,,,,,,,C,,,,,,,,,,
Static_Pressure_YANG,pressure,,,,,,,hPa,,,,,,,,,,
Relative_Humidity_YANG,rh,,,,,,,%,,,,,,,,,,
Wind_Speed_YANG,wind_speed,,,,,,,m/s,,,,,,,,,,
Wind_Direction_YANG,wind_direction,,,,,,,deg 0-360 from +y,,,,,,,,,,
